id,code,place_name_id,county_id
1,8128,1,6
2,8127,1,6
3,5241,2,10
4,7678,3,2
5,3261,4,9
6,3882,5,4
7,3882,6,4
8,3815,7,4
9,3881,8,4
10,3809,9,4
11,3898,10,4
12,9151,11,7
13,3753,12,4
14,2740,13,13
15,8256,14,18
16,2941,15,11
17,2683,16,13
18,9746,17,17
19,9168,18,7
20,2887,19,11
21,3292,20,9
22,8653,21,14
23,8561,22,18
24,2457,23,6
25,8497,24,18
26,7841,25,2
27,7381,26,2
28,6076,27,1
29,9423,28,7
30,3759,29,4
31,9441,30,7
32,4524,31,15
33,8447,32,18
34,8448,32,18
35,8451,32,18
36,8400,32,18
37,2862,33,11
38,6221,34,1
39,3779,35,4
40,7011,36,6
41,5142,37,10
42,2730,38,13
43,8087,39,6
44,3353,40,9
45,6750,41,5
46,8921,42,19
47,7934,43,2
48,2931,44,11
49,8935,45,19
50,5747,46,3
51,7932,47,2
52,4285,48,8
53,3985,49,4
54,7443,50,14
55,3717,51,4
56,3837,52,4
57,7345,53,2
58,7147,54,16
59,2351,55,13
60,8924,56,19
61,7148,57,16
62,8226,58,18
63,8394,59,19
64,2617,60,12
65,8767,61,19
66,3989,62,4
67,8973,63,19
68,7012,64,6
69,7826,65,2
70,9983,66,17
71,3726,67,4
72,3735,68,4
73,3069,69,12
74,9842,70,17
75,3811,71,4
76,3571,72,4
77,6916,73,5
78,4546,74,15
79,8675,75,14
80,3399,76,9
81,9811,77,17
82,2529,78,11
83,8477,79,18
84,4553,80,15
85,2345,81,13
86,7186,82,16
87,6931,83,5
88,9982,84,17
89,7720,85,2
90,3032,86,9
91,2338,87,13
92,6088,88,1
93,4634,89,15
94,7671,90,2
95,3885,91,4
96,3663,92,4
97,3713,93,4
98,3467,94,4
99,6623,95,5
100,9132,96,7
101,4115,97,8
102,6783,98,5
103,9177,99,7
104,3841,100,4
105,2170,101,13
106,8241,102,18
107,7763,103,2
108,3371,104,9
109,3213,105,9
110,7252,106,16
111,7757,107,2
112,7814,108,2
113,7584,109,14
114,2943,110,11
115,8658,111,14
116,8983,112,19
117,9351,113,7
118,6430,114,1
119,6453,115,1
120,6454,116,1
121,6511,117,1
122,6425,118,1
123,8261,119,18
124,8257,119,18
125,8258,119,18
126,8262,120,18
127,8263,120,18
128,2191,121,13
129,4286,122,8
130,8977,123,19
131,8992,124,19
132,9145,125,7
133,2836,126,11
134,6503,127,1
135,6500,127,1
136,9944,128,17
137,2525,129,11
138,2533,130,11
139,8945,131,19
140,7585,132,14
141,7393,133,2
142,4164,134,8
143,7675,135,2
144,2885,136,11
145,8427,137,18
146,8056,138,6
147,8433,139,18
148,8581,140,18
149,8571,141,18
150,8045,142,6
151,8422,143,18
152,8418,144,18
153,9088,145,7
154,8457,146,18
155,8557,147,18
156,2861,148,11
157,8557,149,18
158,8430,150,18
159,8431,151,18
160,2884,152,11
161,8572,153,18
162,8555,154,18
163,6768,155,5
164,7834,156,2
165,3836,157,4
166,4561,158,15
167,8946,159,19
168,3780,160,4
169,2660,161,12
170,6764,162,5
171,3347,163,9
172,8243,164,18
173,8220,165,18
174,8649,166,14
175,8691,167,14
176,8630,167,14
177,8272,168,18
178,8312,169,18
179,8613,170,14
180,8646,171,14
181,8164,172,18
182,8623,173,14
183,8236,174,18
184,8230,174,18
185,8184,175,18
186,8175,175,18
187,8313,176,19
188,8275,177,18
189,8172,178,18
190,8174,178,18
191,8648,179,14
192,8638,180,14
193,8753,181,19
194,8647,182,14
195,8637,183,14
196,8255,184,18
197,8651,185,14
198,8624,186,14
199,8636,187,14
200,8710,188,14
201,8252,189,18
202,8233,190,18
203,8242,191,18
204,8712,192,14
205,8171,193,18
206,8054,194,6
207,8055,194,6
208,4233,195,15
209,6035,196,1
210,4060,197,8
211,9771,198,17
212,6412,199,1
213,4468,200,15
214,8614,201,14
215,2944,202,11
216,8443,203,18
217,7914,204,2
218,3642,205,4
219,2653,206,12
220,8891,207,19
221,3654,208,4
222,7711,209,2
223,4937,210,15
224,2427,211,6
225,2426,211,6
226,2471,212,6
227,4161,213,8
228,7841,214,2
229,7384,215,2
230,7383,216,2
231,9169,217,7
232,7557,218,14
233,7570,218,14
234,7478,219,14
235,8948,220,19
236,3126,221,12
237,8291,222,18
238,2883,223,11
239,7923,224,2
240,3881,225,4
241,7149,226,16
242,7164,227,16
243,7140,228,16
244,7258,229,14
245,6528,230,1
246,3078,231,12
247,3070,231,12
248,3151,231,12
249,3336,232,9
250,4343,233,15
251,5830,234,3
252,6351,235,1
253,8797,236,19
254,8887,237,19
255,8352,238,18
256,8565,239,18
257,8866,240,19
258,2693,241,12
259,3768,242,4
260,8985,243,19
261,8666,244,14
262,4128,245,8
263,9683,246,17
264,8515,247,18
265,3903,248,4
266,5630,249,3
267,5623,250,3
268,5671,250,3
269,5600,250,3
270,5946,251,3
271,5561,252,3
272,3343,253,9
273,3346,254,9
274,7589,255,14
275,7061,256,16
276,9343,257,7
277,7543,258,14
278,8855,259,19
279,5643,260,3
280,2455,261,6
281,8978,262,19
282,7747,263,2
283,4643,264,15
284,2216,265,13
285,3045,266,12
286,9831,267,17
287,2687,268,12
288,4934,269,15
289,4933,270,15
290,4116,271,8
291,5309,272,10
292,7827,273,2
293,3704,274,4
294,3834,275,4
295,4103,276,8
296,4100,276,8
297,8182,277,18
298,8181,277,18
299,2641,278,12
300,7664,279,2
301,4521,280,15
302,2639,281,13
303,3575,282,4
304,7516,283,14
305,7838,284,2
306,4557,285,15
307,3373,286,9
308,5071,287,10
309,2456,288,6
310,4488,289,15
311,7782,290,2
312,9223,291,7
313,8934,292,19
314,9162,293,7
315,2051,294,13
316,7671,295,2
317,2060,296,6
318,4175,297,8
319,4110,298,8
320,4172,299,8
321,4174,300,8
322,5538,301,3
323,7043,302,16
324,7346,303,2
325,4235,304,15
326,7747,305,2
327,7811,306,2
328,9625,307,17
329,9542,308,19
330,8943,309,9
331,3368,310,1
332,3574,311,19
333,6235,312,8
334,8776,313,2
335,4241,314,6
336,7672,315,6
337,8053,316,2
338,8991,317,7
339,8969,318,9
340,8085,319,18
341,7394,320,14
342,9134,321,4
343,3243,322,4
344,8471,323,4
345,7439,324,4
346,3987,325,4
347,3916,326,4
348,3917,327,4
349,3943,328,4
350,3768,329,2
351,3764,330,2
352,3763,331,2
353,3412,332,16
354,7742,333,7
355,7836,334,8
356,7966,335,19
357,9612,336,11
358,9675,337,12
359,7132,338,9
360,9324,339,2
361,8719,340,4
362,4114,341,4
363,8741,342,4
364,2855,343,14
365,4231,344,14
366,3066,345,2
367,7025,346,19
368,3016,347,14
369,7937,348,16
370,3884,349,16
371,3885,350,16
372,3794,351,5
373,7517,352,17
374,7586,353,2
375,7754,354,1
376,8992,355,19
377,7281,356,4
378,9073,357,4
379,7187,358,4
380,7150,358,4
381,7158,359,4
382,9152,360,4
383,6795,361,4
384,9554,362,12
385,7756,363,18
386,6445,364,18
387,8885,365,2
388,3658,366,15
389,3426,367,2
390,3462,368,17
391,3672,369,17
392,3671,369,4
393,3623,370,17
394,3796,371,4
395,2644,372,19
396,8479,373,19
397,8428,374,17
398,8772,375,17
399,9167,376,14
400,7811,377,15
401,7475,378,16
402,4955,379,7
403,7900,380,7
404,9727,381,19
405,3994,382,7
406,9752,383,14
407,5527,384,3
408,9792,385,17
409,8925,386,19
410,8893,387,19
411,2093,388,13
412,2011,389,13
413,2092,390,13
414,2040,391,13
415,1069,392,
416,1011,392,
417,1012,392,
418,1013,392,
419,1014,392,
420,1015,392,
421,1016,392,
422,1021,392,
423,1022,392,
424,1023,392,
425,1024,392,
426,1025,392,
427,1026,392,
428,1027,392,
429,1028,392,
430,1029,392,
431,1031,392,
432,1032,392,
433,1033,392,
434,1034,392,
435,1035,392,
436,1036,392,
437,1037,392,
438,1038,392,
439,1039,392,
440,1041,392,
441,1042,392,
442,1043,392,
443,1044,392,
444,1045,392,
445,1046,392,
446,1047,392,
447,1048,392,
448,1051,392,
449,1052,392,
450,1053,392,
451,1054,392,
452,1055,392,
453,1056,392,
454,1061,392,
455,1062,392,
456,1063,392,
457,1064,392,
458,1065,392,
459,1066,392,
460,1067,392,
461,1068,392,
462,1071,392,
463,1072,392,
464,1073,392,
465,1074,392,
466,1075,392,
467,1076,392,
468,1077,392,
469,1078,392,
470,1081,392,
471,1082,392,
472,1083,392,
473,1084,392,
474,1085,392,
475,1086,392,
476,1087,392,
477,1088,392,
478,1089,392,
479,1091,392,
480,1092,392,
481,1093,392,
482,1094,392,
483,1095,392,
484,1096,392,
485,1097,392,
486,1098,392,
487,1101,392,
488,1102,392,
489,1103,392,
490,1104,392,
491,1105,392,
492,1106,392,
493,1107,392,
494,1108,392,
495,1111,392,
496,1112,392,
497,1113,392,
498,1114,392,
499,1115,392,
500,1116,392,
501,1117,392,
502,1118,392,
503,1119,392,
504,1121,392,
505,1122,392,
506,1123,392,
507,1124,392,
508,1125,392,
509,1126,392,
510,1131,392,
511,1132,392,
512,1133,392,
513,1134,392,
514,1135,392,
515,1136,392,
516,1137,392,
517,1138,392,
518,1139,392,
519,1141,392,
520,1142,392,
521,1143,392,
522,1144,392,
523,1145,392,
524,1146,392,
525,1147,392,
526,1148,392,
527,1149,392,
528,1151,392,
529,1152,392,
530,1153,392,
531,1154,392,
532,1155,392,
533,1156,392,
534,1157,392,
535,1158,392,
536,1161,392,
537,1162,392,
538,1163,392,
539,1164,392,
540,1165,392,
541,1171,392,
542,1172,392,
543,1173,392,
544,1174,392,
545,1181,392,
546,1182,392,
547,1183,392,
548,1184,392,
549,1185,392,
550,1186,392,
551,1188,392,
552,1191,392,
553,1192,392,
554,1193,392,
555,1194,392,
556,1195,392,
557,1196,392,
558,1201,392,
559,1202,392,
560,1203,392,
561,1204,392,
562,1205,392,
563,1211,392,
564,1212,392,
565,1213,392,
566,1214,392,
567,1215,392,
568,1221,392,
569,1222,392,
570,1223,392,
571,1224,392,
572,1225,392,
573,1237,392,
574,1238,392,
575,1239,392,
576,1529,392,
577,6114,393,1
578,6114,394,1
579,2347,395,13
580,4483,396,15
581,3047,397,12
582,9740,398,14
583,9737,398,17
584,3422,399,17
585,3554,400,4
586,3648,401,4
587,7682,402,4
588,3335,403,2
589,3257,404,9
590,3557,405,9
591,3346,406,4
592,3414,407,9
593,7973,408,4
594,7273,409,2
595,3821,410,14
596,8695,411,4
597,9725,412,17
598,9165,413,7
599,7013,414,6
600,4732,415,15
601,2738,416,13
602,2700,416,13
603,2737,417,13
604,9541,418,17
605,9500,418,17
606,3123,419,12
607,9624,420,17
608,5462,421,10
609,3973,422,4
610,7161,423,16
611,9364,424,7
612,5551,425,3
613,5609,426,3
614,2064,427,6
615,8474,428,18
616,9375,429,7
617,4967,430,15
618,8163,431,18
619,8735,432,14
620,9919,433,17
621,8073,434,6
622,8083,435,6
623,6915,436,5
624,5662,437,3
625,6913,438,5
626,9654,439,17
627,3015,440,9
628,7964,441,2
629,6647,442,5
630,8756,443,19
631,9372,444,7
632,5621,445,3
633,7811,446,2
634,4844,447,15
635,2858,448,11
636,6239,449,1
637,4973,450,15
638,6523,451,1
639,8943,452,19
640,5064,453,10
641,2888,454,11
642,6448,455,1
643,7935,456,2
644,3052,457,12
645,4742,458,15
646,8445,459,18
647,9833,460,17
648,9834,461,17
649,2949,462,11
650,2713,463,13
651,9764,464,17
652,6765,465,5
653,4765,466,15
654,4743,467,15
655,4764,468,15
656,6222,469,1
657,9611,470,17
658,3837,471,4
659,2946,472,11
660,5475,473,10
661,9735,474,17
662,9375,475,7
663,7683,476,2
664,7472,477,14
665,3413,478,4
666,3417,479,4
667,2694,480,12
668,2676,481,12
669,3066,482,12
670,5465,483,10
671,7673,484,2
672,3648,485,4
673,8372,486,19
674,8951,487,19
675,7900,488,2
676,8419,489,18
677,8973,490,19
678,2678,491,12
679,8417,492,18
680,2212,493,13
681,7225,494,16
682,6424,495,1
683,7341,496,16
684,9127,497,7
685,3442,498,4
686,9836,499,17
687,2673,500,12
688,3848,501,4
689,3927,502,4
690,2014,503,13
691,8999,504,6
692,8495,505,14
693,8074,506,4
694,4145,507,11
695,7526,508,1
696,7555,509,14
697,3647,510,13
698,2521,511,14
699,6135,512,5
700,7253,513,5
701,2161,514,19
702,7432,515,2
703,8700,516,18
704,8957,517,6
705,2141,518,7
706,9513,519,3
707,6648,520,18
708,6640,520,19
709,8918,521,18
710,7940,522,8
711,8229,523,14
712,8041,524,14
713,9300,525,19
714,8873,526,13
715,9962,527,17
716,5920,528,19
717,8122,529,17
718,8558,530,6
719,2615,531,13
720,8840,532,14
721,8840,533,14
722,7843,534,2
723,2373,535,13
724,2371,535,13
725,2370,535,13
726,8345,536,18
727,8485,537,18
728,2854,538,11
729,2522,539,11
730,8592,540,18
731,7211,541,16
732,3780,542,4
733,3978,543,4
734,2735,544,13
735,2118,545,13
736,9917,546,17
737,7988,547,14
738,4737,548,15
739,9232,549,7
740,4144,550,8
741,6524,551,1
742,2694,552,12
743,4079,553,8
744,4078,553,8
745,4225,553,8
746,4063,553,8
747,4000,553,8
748,4002,553,8
749,4024,553,8
750,4025,553,8
751,4026,553,8
752,4027,553,8
753,4028,553,8
754,4029,553,8
755,4030,553,8
756,4031,553,8
757,4032,553,8
758,4033,553,8
759,4034,553,8
760,3825,554,4
761,7144,555,16
762,3643,556,4
763,8135,557,6
764,2649,558,12
765,2337,559,13
766,4516,560,15
767,3395,561,9
768,7915,562,2
769,9365,563,7
770,4130,564,8
771,6621,565,5
772,6772,566,5
773,3834,567,4
774,3275,568,9
775,5510,569,3
776,8460,570,18
777,7683,571,2
778,7072,572,16
779,2049,573,13
780,2643,574,12
781,8764,575,19
782,7817,576,2
783,8482,577,18
784,9914,578,3
785,5624,579,19
786,8874,580,19
787,8357,581,5
788,7228,582,4
789,8989,583,5
790,8597,584,3
791,6766,585,3
792,4495,586,16
793,3627,587,15
794,6781,588,13
795,5836,589,9
796,5745,590,9
797,7200,591,11
798,4492,592,12
799,2182,593,17
800,2027,594,17
801,3263,595,19
802,2344,596,16
803,9147,597,18
804,8244,598,15
805,3374,599,11
806,2510,600,13
807,3153,601,7
808,9913,602,18
809,8799,603,17
810,3721,604,19
811,9791,605,4
812,6342,606,1
813,7849,607,2
814,7846,608,2
815,7967,609,2
816,7977,610,14
817,7960,611,2
818,7967,612,2
819,7850,613,2
820,7843,614,2
821,7851,615,2
822,7847,616,2
823,7960,617,2
824,7979,618,14
825,2646,619,12
826,3635,620,4
827,8416,621,18
828,9556,622,17
829,2545,623,11
830,2023,624,13
831,6323,625,1
832,6513,626,1
833,7020,627,16
834,2330,628,13
835,2120,629,13
836,9225,630,7
837,6328,631,1
838,9235,632,7
839,9174,633,7
840,7712,634,2
841,6333,635,1
842,7135,636,16
843,2897,637,11
844,9175,638,7
845,9226,639,7
846,6325,640,1
847,2407,641,6
848,2400,641,6
849,2336,642,13
850,6087,643,1
851,6353,644,1
852,7224,645,16
853,9451,646,7
854,4211,647,8
855,9083,648,7
856,3013,649,9
857,3053,650,12
858,5515,651,3
859,7457,652,14
860,2233,653,13
861,7443,654,14
862,3783,655,4
863,3780,655,4
864,9343,656,7
865,3304,657,9
866,3323,657,9
867,3300,657,9
868,7763,658,2
869,8497,659,18
870,8765,660,19
871,3321,661,9
872,3337,662,9
873,3341,663,9
874,3379,664,9
875,3461,665,4
876,3394,666,9
877,3757,667,9
878,3328,668,4
879,8913,669,19
880,9684,670,17
881,9314,671,7
882,4067,672,8
883,4069,672,8
884,3043,673,12
885,9473,674,7
886,3185,675,12
887,7824,676,2
888,9554,677,17
889,9781,678,17
890,8523,679,18
891,7347,680,2
892,9783,681,17
893,5742,682,3
894,7744,683,2
895,2423,684,6
896,2424,684,6
897,3432,685,4
898,3854,686,4
899,3860,686,4
900,4374,687,15
901,3165,688,12
902,7973,689,2
903,9143,690,7
904,8131,691,6
905,8130,691,6
906,6624,692,5
907,4646,693,15
908,8413,694,18
909,2526,695,11
910,2453,696,6
911,2451,696,6
912,2036,697,13
913,2035,697,13
914,2030,697,13
915,3932,698,4
916,3935,699,4
917,2113,700,13
918,3252,701,9
919,2176,702,12
920,7735,703,2
921,7723,704,2
922,2177,705,12
923,3358,706,9
924,3295,707,9
925,4245,708,15
926,6347,709,1
927,6348,710,1
928,2659,711,12
929,7093,712,16
930,7661,713,2
931,4124,714,8
932,8882,715,19
933,8742,716,19
934,2509,717,11
935,2500,717,11
936,2947,718,11
937,3136,719,12
938,2091,720,6
939,4354,721,15
940,6625,722,5
941,7136,723,16
942,7139,724,16
943,7133,724,16
944,3865,725,4
945,6352,726,1
946,3855,727,4
947,9321,728,7
948,8582,729,18
949,3608,730,4
950,2765,731,13
951,7732,732,2
952,3255,733,9
953,5213,734,10
954,5231,734,10
955,4900,735,15
956,9163,736,7
957,8052,737,6
958,7724,738,2
959,9211,739,7
960,8086,740,6
961,3352,741,9
962,6645,742,5
963,9122,743,7
964,3985,744,4
965,9794,745,17
966,3847,746,4
967,7370,747,2
968,3837,748,4
969,9934,749,17
970,3722,750,4
971,6055,751,1
972,9918,752,17
973,7456,753,14
974,7175,754,16
975,3721,755,4
976,7099,756,16
977,8227,757,18
978,8380,758,19
979,2363,759,13
980,2611,760,12
981,8767,761,19
982,3989,762,4
983,8973,763,19
984,6447,764,1
985,7968,765,2
986,9985,766,17
987,3324,767,9
988,3735,768,4
989,3067,769,12
990,3814,770,4
991,3561,771,4
992,4621,772,15
993,8432,773,18
994,6774,774,5
995,9493,775,7
996,9433,776,7
997,9431,776,7
998,9442,777,7
999,9492,778,7
1000,9421,779,7
1001,9444,780,7
1002,9436,781,7
1003,7282,782,14
1004,3994,783,4
1005,8835,784,19
1006,6331,785,1
1007,6922,786,8
1008,4177,787,14
1009,4090,788,4
1010,7271,789,14
1011,3893,790,14
1012,8732,791,5
1013,8644,792,4
1014,8640,792,13
1015,6793,793,5
1016,3849,794,8
1017,2151,795,14
1018,8157,796,4
1019,4964,797,8
1020,3864,798,6
1021,4266,799,15
1022,6042,800,8
1023,6116,801,1
1024,6085,802,1
1025,4754,803,1
1026,7087,804,15
1027,4141,805,16
1028,3996,806,4
1029,3994,807,4
1030,3997,808,4
1031,3993,809,4
1032,3390,810,9
1033,5525,811,3
1034,8777,812,19
1035,4122,813,8
1036,8969,814,19
1037,4972,815,15
1038,7276,816,14
1039,8716,817,14
1040,3815,818,4
1041,5932,819,3
1042,3837,820,4
1043,3817,821,4
1044,3816,822,4
1045,8754,823,19
1046,2686,824,12
1047,2681,825,13
1048,2193,826,13
1049,2183,827,13
1050,7473,828,14
1051,3752,829,4
1052,8685,830,14
1053,8597,831,18
1054,8082,832,6
1055,6522,833,1
1056,3067,834,12
1057,8747,835,19
1058,3873,836,4
1059,4976,837,15
1060,2484,838,6
1061,2485,838,6
1062,2483,838,6
1063,7812,839,2
1064,9952,840,17
1065,6111,841,1
1066,4471,842,15
1067,4472,842,15
1068,4754,843,15
1069,8543,844,18
1070,6334,845,1
1071,4517,846,15
1072,3444,847,4
1073,4935,848,15
1074,8981,849,19
1075,8774,850,19
1076,8774,851,19
1077,4567,852,15
1078,9721,853,17
1079,9672,854,17
1080,7951,855,2
1081,5925,856,3
1082,7362,857,2
1083,7733,858,2
1084,7134,859,16
1085,9813,860,17
1086,5734,861,3
1087,3923,862,4
1088,3715,862,4
1089,4232,863,15
1090,8762,864,19
1091,8435,865,18
1092,7527,866,14
1093,7954,867,2
1094,3578,868,4
1095,2131,869,18
1096,2132,869,4
1097,2100,870,13
1098,7386,871,19
1099,7385,871,17
1100,8346,872,2
1101,7272,873,19
1102,3906,874,13
1103,2217,875,13
1104,8984,876,13
1105,3728,877,2
1106,3895,878,2
1107,3894,879,14
1108,9071,880,4
1109,9625,881,4
1110,4075,882,4
1111,7833,883,7
1112,7728,884,8
1113,7853,885,2
1114,7553,886,2
1115,8913,887,14
1116,8978,888,19
1117,7162,889,16
1118,4842,890,15
1119,8951,891,19
1120,2360,892,13
1121,9474,893,7
1122,9774,894,17
1123,9126,895,7
1124,8851,896,14
1125,8315,897,19
1126,8473,898,18
1127,2821,899,11
1128,7668,900,2
1129,5502,901,3
1130,5500,901,3
1131,9124,902,7
1132,2230,903,7
1133,7954,904,13
1134,3221,905,2
1135,3232,905,9
1136,3233,905,9
1137,3200,905,9
1138,9723,906,9
1139,3212,907,17
1140,7972,908,9
1141,3211,909,2
1142,3035,910,9
1143,3231,911,9
1144,3036,912,9
1145,7064,913,9
1146,9019,914,16
1147,9011,914,7
1148,9012,914,7
1149,9000,914,7
1150,9021,914,7
1151,9022,914,7
1152,9023,914,7
1153,9024,914,7
1154,9025,914,7
1155,9026,914,7
1156,9027,914,7
1157,9028,914,7
1158,9029,914,7
1159,9030,914,7
1160,9093,915,7
1161,7352,916,7
1162,3954,917,16
1163,7045,918,4
1164,9173,919,16
1165,9363,920,7
1166,4625,921,15
1167,9084,922,7
1168,9161,923,7
1169,9121,924,7
1170,4752,925,15
1171,9081,926,7
1172,9171,927,7
1173,9821,928,17
1174,9172,929,7
1175,8692,930,14
1176,4733,931,3
1177,5711,932,3
1178,5703,932,3
1179,5700,932,15
1180,4545,933,16
1181,7227,934,18
1182,8286,935,6
1183,4813,936,15
1184,2464,937,15
1185,8932,938,19
1186,8694,939,14
1187,8992,940,19
1188,8771,941,19
1189,4273,942,8
1190,4224,943,8
1191,4086,943,8
1192,4074,943,8
1193,4220,943,8
1194,4087,944,8
1195,4242,945,8
1196,4085,946,8
1197,4080,946,8
1198,4251,947,8
1199,4200,948,8
1200,4212,949,8
1201,7473,950,14
1202,8192,951,18
1203,6344,952,1
1204,9814,953,17
1205,9228,954,7
1206,2314,955,13
1207,8452,956,18
1208,3842,957,4
1209,3273,958,9
1210,9917,959,17
1211,3795,960,4
1212,3626,961,4
1213,2434,962,6
1214,9784,963,17
1215,7172,964,16
1216,9422,965,7
1217,6136,966,1
1218,7815,967,2
1219,7585,968,14
1220,3936,969,4
1221,3555,970,4
1222,8442,971,18
1223,6327,972,1
1224,6326,972,1
1225,7745,973,2
1226,3000,974,9
1227,9178,975,7
1228,7533,976,14
1229,8296,977,18
1230,9222,978,7
1231,9631,979,17
1232,9915,980,17
1233,7348,981,2
1234,9915,982,17
1235,9934,983,17
1236,9931,984,17
1237,9826,985,17
1238,9437,986,7
1239,8265,987,18
1240,3786,988,4
1241,7837,989,2
1242,3041,990,12
1243,3892,991,4
1244,3593,992,4
1245,3597,993,4
1246,3588,994,4
1247,3594,995,4
1248,3595,996,4
1249,7683,997,2
1250,6034,998,1
1251,4123,999,8
1252,7532,1000,14
1253,2053,1001,13
1254,3958,1002,4
1255,6525,1003,1
1256,3011,1004,9
1257,2832,1005,11
1258,2677,1006,12
1259,8440,1007,18
1260,7587,1008,14
1261,4735,1009,15
1262,2376,1010,13
1263,3853,1011,4
1264,3887,1012,4
1265,3563,1013,4
1266,3846,1014,4
1267,3564,1015,4
1268,3874,1016,4
1269,3852,1017,4
1270,3875,1018,4
1271,3874,1019,4
1272,8957,1020,19
1273,3655,1021,4
1274,4843,1022,15
1275,7432,1023,14
1276,7681,1024,2
1277,8344,1025,18
1278,3360,1026,9
1279,3322,1027,9
1280,3383,1028,9
1281,8380,1029,19
1282,2192,1030,13
1283,7696,1031,2
1284,3876,1032,4
1285,8247,1033,18
1286,9491,1034,7
1287,3768,1035,4
1288,7735,1036,2
1289,9362,1037,7
1290,7838,1038,2
1291,7971,1039,2
1292,4334,1040,15
1293,6806,1041,5
1294,6800,1041,5
1295,7191,1042,14
1296,8731,1043,4
1297,3999,1044,12
1298,3176,1045,18
1299,8563,1046,19
1300,8777,1047,1
1301,6341,1048,14
1302,7537,1049,2
1303,7716,1050,4
1304,3812,1051,12
1305,2647,1052,12
1306,2658,1053,9
1307,3014,1054,8
1308,4071,1055,2
1309,7935,1056,17
1310,9796,1057,17
1311,9733,1058,2
1312,7694,1059,8
1313,4274,1060,17
1314,9676,1061,14
1315,8716,1062,19
1316,8777,1063,18
1317,8475,1064,19
1318,8991,1065,16
1319,9361,1066,7
1320,2672,1067,12
1321,5555,1068,3
1322,5063,1069,10
1323,7678,1070,2
1324,7935,1071,2
1325,8984,1072,19
1326,4484,1073,15
1327,7275,1074,14
1328,7016,1075,6
1329,7015,1075,6
1330,3459,1076,4
1331,8726,1077,14
1332,8725,1078,14
1333,9756,1079,17
1334,2181,1080,13
1335,9634,1081,17
1336,8958,1082,19
1337,9141,1083,7
1338,2675,1084,12
1339,4566,1085,15
1340,7775,1086,2
1341,3724,1087,4
1342,6238,1088,1
1343,3851,1089,4
1344,2365,1090,13
1345,8724,1091,14
1346,7847,1092,2
1347,2631,1093,13
1348,3138,1094,12
1349,2633,1095,13
1350,2669,1096,12
1351,7095,1097,16
1352,3786,1098,4
1353,2117,1099,13
1354,9941,1100,17
1355,3253,1101,9
1356,7987,1102,14
1357,8043,1103,6
1358,8493,1104,18
1359,8045,1105,6
1360,3248,1106,9
1361,9374,1107,7
1362,7772,1108,2
1363,9931,1109,17
1364,2454,1110,6
1365,7781,1111,2
1366,7353,1112,16
1367,6070,1113,1
1368,3741,1114,4
1369,7362,1115,16
1370,9798,1116,17
1371,6078,1117,1
1372,9643,1118,17
1373,3721,1119,4
1374,7525,1120,14
1375,4841,1121,15
1376,4741,1122,15
1377,6440,1123,1
1378,9545,1124,17
1379,5143,1125,10
1380,9241,1126,7
1381,9242,1126,7
1382,3664,1127,4
1383,4337,1128,15
1384,8424,1129,18
1385,5124,1130,10
1386,5054,1131,10
1387,5130,1132,10
1388,5123,1133,10
1389,5152,1134,10
1390,5100,1134,10
1391,5144,1135,10
1392,5122,1136,10
1393,5111,1137,10
1394,5126,1138,10
1395,5135,1139,10
1396,5121,1140,10
1397,2746,1141,13
1398,5137,1142,10
1399,5055,1143,10
1400,5136,1144,10
1401,6133,1145,1
1402,5141,1146,10
1403,4611,1147,15
1404,8146,1148,6
1405,9323,1149,7
1406,3063,1150,12
1407,3758,1151,4
1408,7431,1152,14
1409,4183,1153,8
1410,8773,1154,19
1411,3424,1155,4
1412,7940,1156,2
1413,7530,1157,14
1414,9123,1158,7
1415,2472,1159,6
1416,7051,1160,16
1417,7122,1161,16
1418,7958,1162,2
1419,2366,1163,13
1420,3350,1164,9
1421,7194,1165,16
1422,9673,1166,17
1423,2175,1167,12
1424,8785,1168,19
1425,4324,1169,15
1426,7538,1170,14
1427,4434,1171,15
1428,8988,1172,19
1429,6300,1173,1
1430,8124,1174,6
1431,9841,1175,17
1432,8469,1176,18
1433,5673,1177,3
1434,3735,1178,4
1435,4335,1179,15
1436,3821,1180,4
1437,8667,1181,14
1438,8956,1182,19
1439,8294,1183,18
1440,3355,1184,9
1441,2475,1185,6
1442,8671,1186,14
1443,7523,1187,14
1444,7473,1188,14
1445,7261,1189,14
1446,7258,1190,14
1447,7521,1191,14
1448,7251,1192,16
1449,7361,1193,16
1450,7476,1194,14
1451,7522,1195,14
1452,7400,1196,14
1453,8471,1197,18
1454,8283,1198,18
1455,9339,1199,7
1456,9330,1199,7
1457,7285,1200,14
1458,3281,1201,9
1459,8676,1202,14
1460,9547,1203,17
1461,8491,1204,18
1462,3181,1205,12
1463,3137,1206,12
1464,3183,1207,12
1465,3182,1208,12
1466,3163,1209,12
1467,7333,1210,2
1468,5300,1211,10
1469,3963,1212,4
1470,5552,1213,3
1471,5945,1214,3
1472,8354,1215,19
1473,3962,1216,4
1474,2173,1217,13
1475,7827,1218,2
1476,6211,1219,1
1477,7977,1220,14
1478,5948,1221,3
1479,7564,1222,14
1480,7914,1223,2
1481,9915,1224,17
1482,7661,1225,2
1483,6455,1226,1
1484,2215,1227,13
1485,8994,1228,19
1486,3147,1229,12
1487,3127,1229,12
1488,3700,1230,4
1489,3831,1231,4
1490,7274,1232,14
1491,6237,1233,1
1492,2852,1234,11
1493,6044,1235,1
1494,6008,1235,1
1495,6000,1235,1
1496,8784,1236,19
1497,4515,1237,15
1498,4494,1238,15
1499,3899,1239,4
1500,7661,1240,2
1501,8254,1241,18
1502,6423,1242,1
1503,9549,1243,17
1504,3728,1244,4
1505,6444,1245,1
1506,8714,1246,14
1507,4501,1247,15
1508,2638,1248,13
1509,8931,1249,19
1510,8516,1250,18
1511,9553,1251,17
1512,9522,1252,17
1513,9511,1253,17
1514,9544,1254,17
1515,9517,1255,17
1516,9521,1256,17
1517,8518,1257,18
1518,8995,1258,19
1519,7843,1259,2
1520,9923,1260,17
1521,7839,1261,2
1522,5349,1262,10
1523,5331,1262,10
1524,9752,1263,17
1525,3955,1264,4
1526,5083,1265,10
1527,9514,1266,17
1528,9945,1267,17
1529,7256,1268,14
1530,3396,1269,9
1531,8745,1270,19
1532,6041,1271,1
1533,8618,1272,14
1534,2882,1273,11
1535,2145,1274,13
1536,2144,1274,13
1537,3821,1275,4
1538,8971,1276,19
1539,8973,1277,19
1540,8973,1278,19
1541,9944,1279,17
1542,8874,1280,19
1543,8879,1281,19
1544,4912,1282,15
1545,8492,1283,18
1546,5526,1284,3
1547,2616,1285,12
1548,3579,1286,4
1549,7062,1287,16
1550,8360,1288,19
1551,2517,1289,11
1552,7668,1290,2
1553,2655,1291,12
1554,5741,1292,3
1555,8713,1293,14
1556,5411,1294,10
1557,5674,1295,3
1558,7975,1296,2
1559,9982,1297,17
1560,7174,1298,16
1561,5744,1299,3
1562,8774,1300,19
1563,9181,1301,7
1564,8044,1302,6
1565,3657,1303,4
1566,7953,1304,2
1567,6911,1305,5
1568,8195,1306,18
1569,8284,1307,18
1570,2428,1308,6
1571,4921,1309,15
1572,7523,1310,14
1573,7954,1311,2
1574,9133,1312,7
1575,3046,1313,12
1576,9062,1314,7
1577,7542,1315,14
1578,7282,1316,14
1579,3075,1317,12
1580,2881,1318,11
1581,2879,1318,11
1582,2870,1318,11
1583,8693,1319,14
1584,8477,1320,18
1585,7391,1321,2
1586,9234,1322,7
1587,8925,1323,19
1588,7756,1324,2
1589,3578,1325,4
1590,8888,1326,19
1591,8494,1327,18
1592,7814,1328,2
1593,7985,1329,2
1594,5837,1330,3
1595,7159,1331,16
1596,2655,1332,12
1597,9341,1333,7
1598,3256,1334,9
1599,8356,1335,19
1600,7279,1336,14
1601,3556,1337,4
1602,7391,1338,2
1603,7800,1339,2
1604,3161,1340,12
1605,7763,1341,2
1606,4977,1342,15
1607,3994,1343,4
1608,2948,1344,11
1609,7773,1345,2
1610,7766,1346,2
1611,3843,1347,4
1612,3384,1348,14
1613,6200,1349,9
1614,7524,1350,1
1615,6100,1351,1
1616,6400,1352,1
1617,2340,1353,13
1618,6120,1354,1
1619,8911,1355,19
1620,8156,1356,6
1621,4325,1357,15
1622,7775,1358,2
1623,8446,1359,18
1624,7356,1360,16
1625,4126,1361,8
1626,2623,1362,13
1627,4737,1363,15
1628,3264,1364,9
1629,2165,1365,13
1630,7759,1366,2
1631,2024,1367,13
1632,4956,1368,15
1633,8912,1369,19
1634,8496,1370,18
1635,9936,1371,17
1636,8756,1372,19
1637,3965,1373,4
1638,3627,1374,4
1639,9555,1375,17
1640,6421,1376,1
1641,7082,1377,16
1642,4963,1378,15
1643,7841,1379,2
1644,8957,1380,19
1645,8483,1381,18
1646,7981,1382,2
1647,7823,1383,2
1648,2143,1384,13
1649,6760,1385,5
1650,3553,1386,4
1651,8868,1387,19
1652,7068,1388,16
1653,7768,1389,2
1654,5310,1390,10
1655,9772,1391,17
1656,4600,1392,15
1657,4811,1393,15
1658,8341,1394,19
1659,7381,1395,2
1660,7183,1396,16
1661,6775,1397,5
1662,9733,1398,17
1663,6773,1399,5
1664,7334,1400,11
1665,2898,1401,13
1666,2755,1402,16
1667,9553,1403,15
1668,7212,1404,13
1669,4751,1405,8
1670,2243,1406,18
1671,4284,1407,8
1672,7668,1408,11
1673,7530,1409,11
1674,4965,1410,11
1675,7052,1411,4
1676,7717,1412,2
1677,8468,1413,2
1678,4138,1414,15
1679,2903,1415,14
1680,2921,1415,4
1681,2900,1415,15
1682,3765,1416,9
1683,7305,1417,4
1684,7300,1417,17
1685,3372,1418,3
1686,2853,1419,7
1687,4765,1420,8
1688,7582,1421,7
1689,3937,1422,16
1690,4622,1423,4
1691,4943,1424,7
1692,6134,1425,2
1693,3356,1426,13
1694,3775,1427,13
1695,9943,1428,15
1696,5553,1429,2
1697,9144,1430,2
1698,4133,1431,4
1699,9495,1432,12
1700,7094,1433,2
1701,3886,1434,19
1702,9909,1435,2
1703,9900,1435,17
1704,2851,1436,2
1705,3577,1437,14
1706,9113,1438,15
1707,7841,1439,16
1708,8617,1440,2
1709,5516,1441,9
1710,5539,1442,11
1711,4136,1443,15
1712,4135,1444,1
1713,5622,1445,17
1714,2745,1446,17
1715,5536,1447,11
1716,2612,1448,4
1717,2625,1449,14
1718,8152,1450,3
1719,9730,1451,3
1720,9725,1452,3
1721,9739,1453,13
1722,9725,1454,3
1723,4482,1455,8
1724,8627,1456,8
1725,5725,1457,6
1726,5062,1458,17
1727,7847,1459,17
1728,7678,1460,17
1729,3992,1461,17
1730,8254,1462,14
1731,7673,1463,3
1732,7675,1464,10
1733,6912,1465,18
1734,8274,1466,2
1735,3053,1467,2
1736,7761,1468,5
1737,8988,1469,18
1738,3821,1470,4
1739,6755,1471,6
1740,2458,1472,1
1741,8978,1473,3
1742,9532,1474,1
1743,6097,1475,1
1744,5746,1476,10
1745,6435,1477,1
1746,6043,1478,10
1747,5412,1479,10
1748,6413,1480,1
1749,8162,1481,1
1750,5340,1482,10
1751,5321,1483,10
1752,6096,1484,1
1753,6115,1485,7
1754,5449,1486,18
1755,5440,1486,4
1756,6090,1487,16
1757,9184,1488,4
1758,8595,1489,19
1759,3813,1490,14
1760,7226,1491,12
1761,3732,1492,5
1762,8919,1493,19
1763,7541,1494,18
1764,3066,1495,18
1765,2541,1496,11
1766,7551,1497,14
1767,3967,1498,4
1768,7535,1499,14
1769,6045,1500,1
1770,3780,1501,4
1771,8136,1502,6
1772,6050,1503,1
1773,3786,1504,4
1774,8913,1505,19
1775,6065,1506,1
1776,7918,1507,14
1777,7759,1508,2
1778,7214,1509,16
1779,7775,1510,2
1780,4543,1511,15
1781,8887,1512,19
1782,8681,1513,14
1783,9089,1514,7
1784,2016,1515,13
1785,2518,1516,11
1786,9155,1517,7
1787,2619,1518,12
1788,3904,1519,4
1789,3832,1520,4
1790,3648,1521,4
1791,8978,1522,19
1792,8977,1523,19
1793,7184,1524,16
1794,8693,1525,14
1795,8966,1526,19
1796,8960,1526,19
1797,8132,1527,6
1798,8318,1528,18
1799,8319,1529,18
1800,8318,1530,18
1801,4281,1531,8
1802,4283,1531,8
1803,8868,1532,19
1804,2632,1533,13
1805,9221,1534,7
1806,4555,1535,15
1807,8707,1536,14
1808,8981,1537,19
1809,7331,1538,2
1810,8782,1539,19
1811,9233,1540,7
1812,7781,1541,2
1813,7757,1542,2
1814,8888,1543,19
1815,8831,1544,19
1816,8196,1545,18
1817,3866,1546,4
1818,3186,1547,12
1819,9634,1548,17
1820,5743,1549,18
1821,8425,1550,15
1822,4836,1551,13
1823,2309,1552,2
1824,3022,1553,18
1825,3024,1553,6
1826,3021,1553,2
1827,7761,1554,19
1828,8228,1555,18
1829,8093,1556,3
1830,7720,1557,9
1831,8878,1558,9
1832,8553,1559,9
1833,9461,1560,7
1834,4633,1561,15
1835,3129,1562,12
1836,3188,1563,12
1837,3274,1564,9
1838,9724,1565,17
1839,8660,1566,14
1840,7838,1567,2
1841,3909,1568,4
1842,6456,1569,1
1843,7026,1570,16
1844,9169,1571,7
1845,2234,1572,13
1846,7342,1573,2
1847,4953,1574,15
1848,4556,1575,15
1849,8071,1576,6
1850,7463,1577,14
1851,5667,1578,3
1852,7775,1579,2
1853,6932,1580,5
1854,5838,1581,3
1855,7332,1582,2
1856,7441,1583,14
1857,8973,1584,19
1858,3133,1585,12
1859,8517,1586,18
1860,7394,1587,2
1861,4137,1588,8
1862,9346,1589,7
1863,7098,1590,16
1864,9962,1591,17
1865,7925,1592,2
1866,7954,1593,2
1867,9909,1594,17
1868,2694,1595,12
1869,8449,1596,18
1870,7761,1597,2
1871,9912,1598,17
1872,7396,1599,2
1873,8776,1600,19
1874,8776,1601,19
1875,9946,1602,17
1876,7954,1603,2
1877,2339,1604,13
1878,7783,1605,2
1879,2322,1606,13
1880,3959,1607,4
1881,3397,1608,9
1882,6903,1609,5
1883,6900,1609,5
1884,8533,1610,18
1885,3434,1611,4
1886,3645,1612,4
1887,4942,1613,15
1888,4644,1614,15
1889,7304,1615,2
1890,2065,1616,6
1891,7733,1617,2
1892,9534,1618,18
1893,8714,1619,14
1894,8709,1619,14
1895,8700,1619,14
1896,8531,1620,18
1897,8532,1620,18
1898,7817,1621,2
1899,2527,1622,11
1900,9231,1623,7
1901,7663,1624,2
1902,2629,1625,13
1903,4326,1626,15
1904,3262,1627,9
1905,3075,1628,12
1906,8441,1629,18
1907,7967,1630,2
1908,9164,1631,7
1909,8888,1632,19
1910,7960,1633,2
1911,7774,1634,2
1912,8976,1635,19
1913,4932,1636,15
1914,6921,1637,5
1915,6636,1638,5
1916,5435,1639,10
1917,7720,1640,2
1918,2462,1641,6
1919,3755,1642,4
1920,4700,1643,15
1921,6452,1644,1
1922,3247,1645,9
1923,3246,1646,9
1924,3155,1647,12
1925,3144,1648,12
1926,3143,1648,12
1927,3142,1649,12
1928,3234,1650,9
1929,3235,1650,9
1930,3068,1651,12
1931,3145,1652,12
1932,3146,1652,12
1933,3077,1653,12
1934,7854,1654,6
1935,8134,1655,2
1936,4835,1656,15
1937,7351,1657,2
1938,7695,1658,2
1939,7300,1659,2
1940,9176,1660,7
1941,5664,1661,3
1942,5663,1661,3
1943,5752,1662,3
1944,5666,1662,3
1945,7057,1663,16
1946,9757,1664,17
1947,3718,1665,4
1948,9754,1666,17
1949,8348,1667,18
1950,5726,1668,3
1951,4975,1669,15
1952,7344,1670,2
1953,6449,1671,1
1954,8271,1672,18
1955,2235,1673,13
1956,3871,1674,4
1957,7981,1675,2
1958,9136,1676,7
1959,4352,1677,15
1960,7453,1678,14
1961,9531,1679,17
1962,9662,1680,17
1963,9551,1681,17
1964,5452,1682,10
1965,3754,1683,4
1966,9745,1684,17
1967,8716,1685,14
1968,5650,1686,3
1969,3450,1687,4
1970,7434,1688,14
1971,7370,1689,2
1972,2422,1690,6
1973,5732,1691,3
1974,5820,1692,3
1975,5453,1693,10
1976,3441,1694,4
1977,8137,1695,6
1978,5800,1696,3
1979,3400,1697,4
1980,4641,1698,15
1981,8514,1699,18
1982,3443,1700,4
1983,3421,1701,4
1984,9098,1702,7
1985,9097,1702,7
1986,4118,1703,8
1987,4134,1704,8
1988,3378,1705,9
1989,8133,1706,6
1990,7017,1707,6
1991,3375,1708,9
1992,5400,1709,10
1993,3931,1710,4
1994,8825,1711,19
1995,8341,1712,19
1996,3184,1713,12
1997,8513,1714,18
1998,9342,1715,7
1999,7512,1716,14
2000,2736,1717,13
2001,8949,1718,19
2002,4271,1719,8
2003,7286,1720,14
2004,3344,1721,9
2005,3989,1722,4
2006,9835,1723,17
2007,8917,1724,19
2008,4948,1725,15
2009,6630,1726,5
2010,7391,1727,2
2011,8282,1728,18
2012,8935,1729,19
2013,6343,1730,1
2014,3510,1731,4
2015,3515,1731,4
2016,3516,1731,4
2017,3508,1731,4
2018,3517,1731,4
2019,3518,1731,4
2020,3521,1731,4
2021,3519,1731,4
2022,3500,1731,4
2023,3501,1731,4
2024,3524,1731,4
2025,3525,1731,4
2026,3526,1731,4
2027,3527,1731,4
2028,3528,1731,4
2029,3529,1731,4
2030,3530,1731,4
2031,3531,1731,4
2032,3532,1731,4
2033,3533,1731,4
2034,3534,1731,4
2035,3535,1731,4
2036,7065,1732,16
2037,2911,1733,11
2038,7163,1734,13
2039,2146,1735,11
2040,2535,1736,4
2041,3893,1737,6
2042,8042,1738,2
2043,7715,1739,2
2044,7714,1739,2
2045,7700,1739,12
2046,2698,1740,19
2047,8863,1741,17
2048,9912,1742,2
2049,7981,1743,4
2050,3812,1744,4
2051,3905,1745,13
2052,2213,1746,13
2053,2200,1746,9
2054,3345,1747,18
2055,8296,1748,8
2056,4275,1749,18
2057,8273,1750,2
2058,7751,1751,6
2059,8060,1752,16
2060,7165,1753,5
2061,6782,1754,1
2062,6132,1755,7
2063,9131,1756,14
2064,7257,1757,7
2065,9200,1758,7
2066,9183,1759,7
2067,9154,1759,7
2068,9245,1760,2
2069,7932,1761,16
2070,7185,1762,16
2071,7195,1763,16
2072,3744,1764,4
2073,3552,1765,4
2074,8834,1766,19
2075,8868,1767,19
2076,8872,1768,19
2077,7176,1769,16
2078,5672,1770,3
2079,4911,1771,15
2080,8097,1772,6
2081,9915,1773,17
2082,8145,1774,6
2083,4181,1775,8
2084,8674,1776,14
2085,8521,1777,18
2086,8484,1778,18
2087,4922,1779,15
2088,7500,1780,14
2089,9063,1781,7
2090,7561,1782,14
2091,8821,1783,19
2092,5668,1784,3
2093,6527,1785,1
2094,3641,1786,4
2095,3075,1787,12
2096,8656,1788,14
2097,7255,1789,14
2098,2634,1790,13
2099,7756,1791,2
2100,9485,1792,7
2101,7838,1793,2
2102,3598,1794,4
2103,8628,1795,14
2104,4445,1796,15
2105,8554,1797,18
2106,4823,1798,15
2107,7985,1799,2
2108,7044,1800,16
2109,4355,1801,15
2110,6917,1802,5
2111,8415,1803,18
2112,3282,1804,9
2113,9664,1805,17
2114,8356,1806,19
2115,8551,1807,18
2116,7343,1808,2
2117,4485,1809,15
2118,7822,1810,2
2119,4064,1811,8
2120,4977,1812,15
2121,3994,1813,4
2122,2942,1814,11
2123,5363,1815,10
2124,4320,1816,15
2125,5751,1817,3
2126,8831,1818,19
2127,8808,1818,19
2128,8809,1818,19
2129,8800,1818,19
2130,8935,1819,19
2131,2425,1820,6
2132,2760,1821,13
2133,4127,1822,8
2134,3129,1823,12
2135,3844,1824,4
2136,3012,1825,16
2137,9784,1826,14
2138,7092,1827,13
2139,2750,1828,2
2140,7545,1829,9
2141,5065,1830,17
2142,2094,1831,13
2143,7741,1832,10
2144,8911,1833,19
2145,6933,1834,5
2146,8983,1835,19
2147,3175,1836,12
2148,2435,1837,6
2149,9482,1838,7
2150,6622,1839,5
2151,7355,1840,16
2152,2626,1841,13
2153,9913,1842,17
2154,7784,1843,2
2155,2645,1844,12
2156,8912,1845,19
2157,7731,1846,2
2158,7912,1847,2
2159,8496,1848,18
2160,4173,1849,8
2161,8746,1850,19
2162,9938,1851,17
2163,8756,1852,19
2164,3214,1853,9
2165,5463,1854,10
2166,3965,1855,4
2167,2524,1856,11
2168,9561,1857,17
2169,8739,1858,14
2170,7085,1859,16
2171,4962,1860,15
2172,5931,1861,3
2173,9072,1862,7
2174,7097,1863,16
2175,3398,1864,9
2176,2142,1865,13
2177,8562,1866,18
2178,9832,1867,17
2179,6612,1868,2
2180,7800,1869,5
2181,3357,1870,9
2182,4812,1871,15
2183,7912,1872,2
2184,8291,1873,18
2185,7186,1874,16
2186,8065,1875,6
2187,2421,1876,6
2188,3349,1877,9
2189,7215,1878,16
2190,4552,1879,15
2191,9797,1880,17
2192,9793,1881,17
2193,2899,1882,11
2194,3463,1883,4
2195,3646,1884,4
2196,8923,1885,19
2197,3592,1886,4
2198,9749,1887,15
2199,4942,1888,17
2200,8371,1889,19
2201,9739,1890,17
2202,8722,1891,14
2203,8522,1892,18
2204,8284,1893,18
2205,8471,1894,18
2206,8925,1895,19
2207,7981,1896,2
2208,9471,1897,7
2209,9548,1898,17
2210,8717,1899,14
2211,9542,1900,17
2212,9775,1901,17
2213,9663,1902,17
2214,9953,1903,17
2215,6345,1904,1
2216,8976,1905,19
2217,8856,1906,19
2218,8915,1907,19
2219,9782,1908,17
2220,8925,1909,19
2221,9533,1910,18
2222,8925,1911,19
2223,8248,1912,18
2224,8738,1913,14
2225,8311,1914,18
2226,8581,1915,18
2227,8918,1916,19
2228,7039,1917,16
2229,3152,1918,12
2230,2544,1919,11
2231,2618,1920,12
2232,9652,1921,17
2233,8706,1922,14
2234,2642,1923,12
2235,2691,1924,12
2236,2675,1925,12
2237,3132,1926,12
2238,2685,1927,12
2239,3179,1928,12
2240,3187,1929,12
2241,8591,1930,18
2242,8456,1931,18
2243,3325,1932,9
2244,2610,1933,19
2245,8948,1934,9
2246,3327,1935,4
2247,3872,1936,12
2248,9096,1937,7
2249,8512,1938,18
2250,2723,1939,13
2251,6032,1940,1
2252,2712,1941,13
2253,3433,1942,4
2254,2537,1943,11
2255,2536,1943,11
2256,3809,1944,4
2257,8612,1945,14
2258,4264,1946,8
2259,4262,1947,8
2260,8454,1948,18
2261,4253,1949,8
2262,4252,1949,8
2263,4254,1949,8
2264,4300,1950,15
2265,4372,1951,15
2266,4361,1952,15
2267,4511,1953,15
2268,4356,1954,15
2269,4331,1955,15
2270,4332,1956,15
2271,4405,1957,15
2272,4246,1957,15
2273,4433,1957,15
2274,4412,1957,15
2275,4432,1957,15
2276,4551,1957,15
2277,4431,1957,15
2278,4481,1957,15
2279,4400,1957,15
2280,4362,1958,15
2281,4311,1959,15
2282,3997,1960,4
2283,4535,1961,15
2284,4541,1962,15
2285,4544,1963,15
2286,4333,1964,15
2287,4537,1965,15
2288,4632,1966,15
2289,4371,1967,15
2290,4564,1968,15
2291,4263,1969,8
2292,4722,1970,15
2293,4363,1971,15
2294,4822,1972,15
2295,4531,1973,15
2296,4376,1974,15
2297,4522,1975,15
2298,4461,1976,15
2299,4554,1977,15
2300,4532,1978,15
2301,4341,1979,15
2302,9682,1980,4
2303,3795,1981,17
2304,7912,1982,2
2305,9082,1983,7
2306,7695,1984,2
2307,2063,1985,6
2308,8272,1986,18
2309,8292,1987,13
2310,2364,1988,2
2311,7814,1989,2
2312,7143,1990,15
2313,5451,1991,5
2314,7695,1992,19
2315,4558,1993,3
2316,6923,1994,2
2317,8342,1995,2
2318,5534,1996,2
2319,7957,1997,17
2320,4755,1998,18
2321,7681,1999,4
2322,7745,2000,15
2323,9824,2001,15
2324,8414,2002,2
2325,3933,2003,17
2326,9621,2004,19
2327,4826,2005,4
2328,4914,2006,4
2329,7824,2007,15
2330,9733,2008,5
2331,8886,2009,19
2332,4373,2010,14
2333,3562,2011,14
2334,3551,2012,1
2335,4821,2013,17
2336,6767,2014,2
2337,4336,2015,1
2338,8935,2016,19
2339,2162,2017,4
2340,7400,2018,3
2341,8635,2019,3
2342,6335,2020,3
2343,6311,2021,3
2344,8697,2022,18
2345,9982,2023,11
2346,7677,2024,2
2347,6077,2025,19
2348,2671,2026,19
2349,9933,2027,7
2350,9941,2028,17
2351,2377,2029,9
2352,8983,2030,17
2353,5222,2031,4
2354,5556,2032,14
2355,3743,2033,4
2356,5904,2034,4
2357,5903,2034,4
2358,5905,2034,4
2359,5900,2034,4
2360,8458,2035,4
2361,2840,2036,4
2362,7370,2037,4
2363,8744,2038,2
2364,8954,2039,19
2365,8854,2040,16
2366,8242,2041,18
2367,2610,2042,16
2368,8161,2043,10
2369,8191,2044,15
2370,9354,2045,17
2371,9512,2046,15
2372,3326,2047,15
2373,9825,2048,13
2374,3591,2049,1
2375,7444,2050,14
2376,9153,2051,12
2377,6784,2052,17
2378,7511,2053,17
2379,3604,2054,13
2380,3651,2054,10
2381,3661,2054,3
2382,3603,2054,14
2383,3662,2054,18
2384,3625,2054,12
2385,3621,2054,18
2386,3600,2054,18
2387,7836,2055,7
2388,8998,2056,5
2389,7086,2057,14
2390,3964,2058,4
2391,8761,2059,19
2392,9823,2060,17
2393,8935,2061,19
2394,6075,2062,1
2395,8956,2063,19
2396,8799,2064,19
2397,8095,2065,6
2398,7027,2066,16
2399,7030,2066,16
2400,7370,2067,2
2401,7042,2068,16
2402,8990,2069,19
2403,3994,2070,4
2404,9345,2071,7
2405,7771,2072,2
2406,7561,2073,14
2407,6112,2074,1
2408,7727,2075,2
2409,3042,2076,12
2410,8229,2077,18
2411,3821,2078,4
2412,8698,2079,14
2413,2214,2080,13
2414,9937,2081,17
2415,9090,2082,7
2416,3898,2083,4
2417,4913,2084,15
2418,4631,2085,15
2419,8511,2086,18
2420,8591,2086,18
2421,8598,2086,18
2422,8500,2086,18
2423,8593,2087,18
2424,8596,2088,18
2425,8594,2089,18
2426,8556,2090,18
2427,8183,2091,18
2428,9515,2092,17
2429,4338,2093,15
2430,7838,2094,2
2431,3244,2095,9
2432,3240,2095,9
2433,3242,2096,9
2434,3777,2097,4
2435,4475,2098,15
2436,3065,2099,12
2437,3082,2099,12
2438,3060,2099,12
2439,9311,2100,7
2440,8825,2101,19
2441,2648,2102,12
2442,7463,2103,14
2443,7923,2104,2
2444,7477,2105,14
2445,8092,2106,6
2446,7536,2107,14
2447,4523,2108,15
2448,2668,2109,12
2449,2071,2110,13
2450,4766,2111,15
2451,2476,2112,6
2452,9085,2113,7
2453,2119,2114,13
2454,9754,2115,17
2455,7693,2116,2
2456,7691,2116,2
2457,7600,2116,2
2458,7621,2116,2
2459,7622,2116,2
2460,7623,2116,2
2461,7624,2116,2
2462,7625,2116,2
2463,7626,2116,2
2464,7627,2116,2
2465,7628,2116,2
2466,7629,2116,2
2467,7630,2116,2
2468,7631,2116,2
2469,7632,2116,2
2470,7633,2116,2
2471,7634,2116,2
2472,7635,2116,2
2473,7636,2116,2
2474,7951,2117,2
2475,7766,2118,2
2476,8245,2119,18
2477,7762,2120,2
2478,7720,2121,2
2479,7831,2122,2
2480,3381,2123,9
2481,2614,2124,13
2482,4267,2125,15
2483,4941,2126,18
2484,8426,2127,15
2485,9099,2128,7
2486,2074,2129,13
2487,3853,2130,4
2488,3821,2131,4
2489,7664,2132,2
2490,9722,2133,17
2491,9734,2134,17
2492,9484,2135,7
2493,2431,2136,6
2494,3756,2137,4
2495,2637,2138,13
2496,7766,2139,2
2497,7582,2140,14
2498,2209,2141,13
2499,3250,2142,9
2500,8105,2143,18
2501,8921,2144,19
2502,4542,2145,15
2503,3023,2146,9
2504,6113,2147,1
2505,9443,2148,7
2506,9826,2149,17
2507,8984,2150,19
2508,8866,2151,19
2509,7980,2152,2
2510,3134,2153,12
2511,2721,2154,13
2512,2097,2155,13
2513,2087,2156,13
2514,2081,2156,13
2515,2519,2157,11
2516,2080,2158,13
2517,2028,2159,11
2518,2095,2160,13
2519,2084,2161,13
2520,2099,2162,13
2521,2098,2162,13
2522,2009,2163,13
2523,2085,2164,13
2524,7084,2165,16
2525,9922,2166,17
2526,9481,2167,7
2527,4375,2168,15
2528,6414,2169,1
2529,7838,2170,2
2530,6914,2171,5
2531,7756,2172,2
2532,4125,2173,8
2533,2017,2174,13
2534,4327,2175,15
2535,7666,2176,2
2536,8728,2177,14
2537,8932,2178,19
2538,7458,2179,14
2539,4090,2180,8
2540,8153,2181,6
2541,8155,2181,6
2542,8154,2181,6
2543,8929,2182,13
2544,8773,2183,15
2545,2013,2184,17
2546,7142,2185,9
2547,4761,2186,17
2548,8956,2187,14
2549,9796,2188,14
2550,3388,2189,14
2551,9612,2190,19
2552,8858,2191,18
2553,8858,2192,17
2554,8858,2193,14
2555,8986,2194,7
2556,8429,2195,19
2557,9636,2196,19
2558,7977,2197,16
2559,8767,2198,19
2560,9324,2199,19
2561,3925,2200,4
2562,8291,2201,18
2563,9235,2202,19
2564,2682,2203,12
2565,4150,2204,7
2566,9776,2205,17
2567,2166,2206,15
2568,8986,2207,19
2569,2658,2208,4
2570,9373,2209,3
2571,9739,2210,16
2572,4565,2211,14
2573,8946,2212,19
2574,3995,2213,5
2575,5919,2214,18
2576,7038,2215,10
2577,8707,2216,3
2578,8895,2217,4
2579,6785,2218,6
2580,8455,2219,14
2581,5125,2220,19
2582,5665,2221,5
2583,3874,2222,13
2584,2490,2223,6
2585,8619,2224,13
2586,8896,2225,4
2587,6769,2226,7
2588,2378,2227,13
2589,8066,2228,8
2590,2039,2229,17
2591,3630,2230,13
2592,9313,2231,7
2593,9136,2232,7
2594,9961,2233,17
2595,9777,2234,17
2596,9344,2235,7
2597,9142,2236,7
2598,9641,2237,17
2599,9146,2238,7
2600,9327,2239,7
2601,9316,2240,7
2602,9135,2241,7
2603,9133,2242,7
2604,9322,2243,7
2605,9766,2244,17
2606,9165,2245,7
2607,2459,2246,6
2608,2465,2247,6
2609,2300,2248,13
2610,2613,2249,13
2611,7817,2250,2
2612,9784,2251,17
2613,3776,2252,4
2614,3724,2253,4
2615,9224,2254,7
2616,3825,2255,4
2617,3826,2256,4
2618,4465,2257,15
2619,5085,2258,10
2620,5084,2259,10
2621,7464,2260,14
2622,8973,2261,19
2623,4536,2262,15
2624,4756,2263,15
2625,8300,2264,18
2626,3833,2265,4
2627,3908,2266,4
2628,9951,2267,17
2629,9091,2268,7
2630,3245,2269,9
2631,2886,2270,11
2632,8978,2271,19
2633,3893,2272,4
2634,7833,2273,2
2635,7193,2274,16
2636,6446,2275,1
2637,2094,2276,13
2638,3559,2277,4
2639,9653,2278,17
2640,9375,2279,7
2641,9623,2280,17
2642,9475,2281,7
2643,8977,2282,19
2644,9074,2283,7
2645,4525,2284,15
2646,2651,2285,12
2647,8253,2286,18
2648,3976,2287,4
2649,8373,2288,19
2650,3974,2289,4
2651,8348,2290,18
2652,8883,2291,19
2653,3177,2292,12
2654,7552,2293,14
2655,7527,2294,14
2656,7513,2295,14
2657,7556,2296,14
2658,7584,2297,14
2659,4563,2298,15
2660,9451,2299,18
2661,8434,2300,12
2662,2654,2301,2
2663,7743,2302,2
2664,9954,2303,15
2665,6758,2304,9
2666,7914,2305,7
2667,4971,2306,17
2668,3033,2307,5
2669,3733,2308,4
2670,3742,2309,4
2671,9766,2310,17
2672,6786,2311,5
2673,3162,2312,12
2674,8654,2313,14
2675,3792,2314,4
2676,3793,2315,4
2677,3636,2316,4
2678,3576,2317,4
2679,3720,2318,4
2680,3773,2319,4
2681,3720,2320,4
2682,3791,2321,4
2683,3572,2322,4
2684,3773,2323,4
2685,3656,2324,4
2686,3652,2325,4
2687,3586,2326,4
2688,3714,2327,4
2689,3573,2328,4
2690,3653,2329,4
2691,3712,2330,4
2692,3770,2331,4
2693,3599,2332,4
2694,3712,2333,4
2695,3656,2334,4
2696,9632,2335,17
2697,8256,2336,18
2698,3102,2337,12
2699,3109,2337,12
2700,3121,2337,12
2701,3104,2337,12
2702,3141,2337,12
2703,3100,2337,12
2704,9742,2338,17
2705,8995,2339,19
2706,3425,2340,4
2707,7841,2341,2
2708,3074,2342,12
2709,8824,2343,19
2710,6762,2344,5
2711,7479,2345,14
2712,4176,2346,8
2713,4272,2347,8
2714,3942,2348,4
2715,7018,2349,6
2716,7019,2349,6
2717,7003,2349,6
2718,7000,2349,6
2719,7014,2350,6
2720,9813,2351,17
2721,8944,2352,19
2722,2523,2353,11
2723,5720,2354,3
2724,5731,2355,3
2725,8051,2356,6
2726,8125,2357,6
2727,8144,2358,6
2728,8391,2359,19
2729,7781,2360,2
2730,2433,2361,6
2731,3952,2362,4
2732,3950,2362,4
2733,7145,2363,16
2734,4171,2364,8
2735,9434,2365,7
2736,9435,2365,7
2737,8126,2366,6
2738,7047,2367,16
2739,8141,2368,6
2740,8143,2368,6
2741,3386,2369,9
2742,9609,2370,17
2743,9608,2370,17
2744,9600,2370,17
2745,7370,2371,2
2746,8308,2372,18
2747,3659,2373,4
2748,3944,2374,4
2749,3945,2374,4
2750,3988,2374,4
2751,3980,2374,4
2752,7785,2375,2
2753,8732,2376,14
2754,9789,2377,17
2755,7562,2378,14
2756,7960,2379,2
2757,3809,2380,4
2758,3974,2381,4
2759,8862,2382,19
2760,8788,2383,19
2761,4533,2384,15
2762,8111,2385,6
2763,3729,2386,4
2764,8660,2387,14
2765,8439,2388,18
2766,7818,2389,2
2767,7800,2389,2
2768,7814,2390,2
2769,7823,2391,2
2770,3881,2392,4
2771,9633,2393,17
2772,7474,2394,14
2773,7081,2395,16
2774,7171,2396,16
2775,8611,2397,14
2776,8609,2397,14
2777,8600,2397,14
2778,8652,2398,14
2779,3332,2399,9
2780,9671,2400,17
2781,9315,2401,7
2782,8897,2402,7
2783,9112,2403,1
2784,6320,2404,1
2785,6223,2405,1
2786,6230,2406,18
2787,8193,2407,13
2788,2083,2408,14
2789,8655,2409,2
2790,7728,2410,18
2791,8478,2411,18
2792,8483,2412,18
2793,8481,2413,18
2794,8484,2414,14
2795,7454,2415,14
2796,7283,2416,2
2797,7922,2417,14
2798,7584,2418,14
2799,7452,2419,14
2800,8684,2420,14
2801,8858,2421,14
2802,8726,2422,14
2803,7284,2423,14
2804,8666,2424,14
2805,8708,2425,14
2806,7455,2426,2
2807,7925,2427,2
2808,7921,2428,14
2809,7443,2429,14
2810,8673,2430,14
2811,8733,2431,14
2812,7435,2432,14
2813,8737,2433,14
2814,8705,2434,14
2815,7276,2435,14
2816,7563,2436,14
2817,8683,2437,14
2818,7515,2438,14
2819,8699,2439,14
2820,8698,2440,2
2821,7924,2441,14
2822,8734,2442,15
2823,4954,2443,6
2824,8123,2444,7
2825,9494,2445,7
2826,9408,2445,7
2827,9407,2445,7
2828,9400,2445,7
2829,9463,2446,7
2830,9483,2447,7
2831,9325,2448,17
2832,9743,2449,17
2833,8072,2450,19
2834,9774,2451,17
2835,9774,2452,12
2836,8881,2453,13
2837,9773,2454,4
2838,3131,2455,2
2839,2038,2456,17
2840,3716,2457,19
2841,7960,2458,17
2842,9681,2459,6
2843,8096,2460,6
2844,6346,2461,2
2845,2242,2462,11
2846,2241,2462,19
2847,8330,2463,1
2848,8357,2464,13
2849,8351,2465,13
2850,7960,2466,18
2851,2889,2467,19
2852,8856,2468,18
2853,2543,2469,11
2854,8151,2470,6
2855,2432,2471,6
2856,8139,2472,6
2857,8138,2472,6
2858,7253,2473,14
2859,5712,2474,3
2860,6080,2475,1
2861,7951,2476,2
2862,7544,2477,14
2863,4467,2478,15
2864,4547,2479,15
2865,4496,2480,15
2866,2111,2481,13
2867,7383,2482,2
2868,7753,2483,2
2869,3334,2484,9
2870,5081,2485,10
2871,3786,2486,4
2872,7071,2487,16
2873,3596,2488,4
2874,7192,2489,16
2875,7213,2490,16
2876,6336,2491,1
2877,9934,2492,17
2878,4234,2493,15
2879,9474,2494,7
2880,9983,2495,17
2881,2856,2496,11
2882,9942,2497,17
2883,7811,2498,2
2884,8341,2499,19
2885,3863,2500,4
2886,7334,2501,2
2887,7121,2502,16
2888,6086,2503,1
2889,3163,2504,12
2890,3754,2505,4
2891,4767,2506,15
2892,4745,2507,15
2893,4721,2508,15
2894,4735,2509,15
2895,4824,2510,15
2896,4746,2511,15
2897,4734,2512,15
2898,2697,2513,12
2899,6131,2514,1
2900,8622,2515,14
2901,9317,2516,7
2902,8423,2517,18
2903,7843,2518,2
2904,2066,2519,6
2905,7184,2520,2
2906,7063,2521,16
2907,9353,2522,7
2908,2067,2523,11
2909,5540,2524,3
2910,3051,2525,12
2911,9913,2526,17
2912,5053,2527,10
2913,3821,2528,4
2914,7349,2529,2
2915,4945,2530,15
2916,2656,2531,12
2917,9938,2532,17
2918,6763,2533,5
2919,7813,2534,2
2920,2440,2535,13
2921,7725,2536,2
2922,2692,2537,12
2923,3170,2538,12
2924,3135,2539,12
2925,8879,2540,19
2926,7751,2541,2
2927,7056,2542,16
2928,6757,2543,5
2929,6791,2543,5
2930,6710,2543,5
2931,6771,2543,5
2932,6753,2543,5
2933,6700,2543,5
2934,6720,2543,5
2935,6721,2543,5
2936,6722,2543,5
2937,6723,2543,5
2938,6724,2543,5
2939,6725,2543,5
2940,6726,2543,5
2941,6727,2543,5
2942,6728,2543,5
2943,6729,2543,5
2944,8732,2544,14
2945,5520,2545,3
2946,3918,2546,4
2947,3918,2547,4
2948,6635,2548,5
2949,4534,2549,15
2950,7737,2550,2
2951,8019,2551,6
2952,8000,2551,6
2953,6821,2552,5
2954,7100,2553,16
2955,9622,2554,17
2956,5476,2555,10
2957,7661,2556,2
2958,7763,2557,2
2959,9685,2558,17
2960,3866,2559,4
2961,2640,2560,12
2962,3752,2561,4
2963,3751,2562,4
2964,7477,2563,14
2965,8849,2564,14
2966,8272,2565,18
2967,7472,2566,14
2968,8281,2567,18
2969,7918,2568,14
2970,7913,2569,2
2971,3259,2570,9
2972,2655,2571,12
2973,7915,2572,2
2974,2000,2573,13
2975,6600,2574,5
2976,8444,2575,18
2977,7465,2576,14
2978,9981,2577,17
2979,9955,2577,17
2980,9970,2577,17
2981,8393,2578,19
2982,8975,2579,19
2983,8475,2580,18
2984,3418,2581,4
2985,3844,2582,4
2986,8272,2583,18
2987,7681,2584,2
2988,6031,2585,1
2989,8225,2586,18
2990,8947,2587,19
2991,7936,2588,2
2992,8893,2589,19
2993,7940,2590,2
2994,2255,2591,13
2995,8872,2592,19
2996,2254,2593,13
2997,9799,2594,17
2998,8953,2595,19
2999,4121,2596,8
3000,8762,2597,19
3001,8717,2598,14
3002,8861,2599,19
3003,9125,2600,7
3004,6512,2601,1
3005,3900,2602,4
3006,4162,2603,8
3007,4163,2603,8
3008,9523,2604,17
3009,2321,2605,13
3010,2317,2606,13
3011,2315,2607,13
3012,2015,2608,13
3013,2318,2609,13
3014,2310,2610,13
3015,2319,2611,13
3016,7900,2612,2
3017,8264,2613,18
3018,3377,2614,9
3019,8969,2615,19
3020,3800,2616,4
3021,9326,2617,7
3022,7664,2618,2
3023,3125,2619,12
3024,9312,2620,7
3025,8986,2621,19
3026,7811,2622,2
3027,7477,2623,9
3028,3348,2624,14
3029,3761,2625,4
3030,3761,2626,4
3031,3044,2627,12
3032,3711,2628,4
3033,2628,2629,13
3034,8452,2630,13
3035,9935,2631,14
3036,2134,2632,10
3037,2133,2633,10
3038,3762,2634,17
3039,7833,2635,17
3040,7763,2636,17
3041,8736,2637,11
3042,2624,2638,4
3043,8625,2639,11
3044,5008,2640,14
3045,5000,2640,18
3046,3757,2641,17
3047,8692,2642,13
3048,9707,2643,13
3049,9719,2643,4
3050,9700,2643,2
3051,2896,2644,2
3052,3411,2645,14
3053,2822,2646,4
3054,7976,2647,14
3055,7285,2648,2
3056,3341,2649,9
3057,3034,2650,12
3058,2699,2651,4
3059,3154,2652,4
3060,3726,2653,4
3061,3731,2654,2
3062,3734,2655,14
3063,7932,2656,12
3064,7539,2657,9
3065,7735,2658,12
3066,3064,2659,2
3067,8660,2660,14
3068,8088,2661,6
3069,6224,2662,1
3070,2381,2663,13
3071,8121,2664,6
3072,8272,2665,18
3073,2022,2666,13
3074,2021,2666,13
3075,8541,2667,18
3076,4845,2668,15
3077,2335,2669,13
3078,3926,2670,4
3079,3922,2671,4
3080,3924,2672,4
3081,3921,2673,4
3082,8295,2674,18
3083,3907,2675,4
3084,7091,2676,16
3085,7090,2676,16
3086,9762,2677,17
3087,9095,2678,7
3088,2764,2679,13
3089,2767,2680,13
3090,2253,2681,13
3091,2251,2682,13
3092,2766,2683,13
3093,2711,2684,13
3094,2769,2685,13
3095,9761,2686,17
3096,8297,2687,18
3097,8300,2687,18
3098,8718,2688,14
3099,9094,2689,7
3100,3073,2690,12
3101,7514,2691,14
3102,3915,2692,4
3103,3416,2693,4
3104,3644,2694,4
3105,2834,2695,11
3106,5641,2696,3
3107,2831,2697,11
3108,9092,2698,7
3109,2945,2699,11
3110,3369,2700,9
3111,3258,2701,9
3112,3284,2702,9
3113,3294,2703,9
3114,3331,2704,9
3115,3382,2705,9
3116,3283,2706,9
3117,2461,2707,13
3118,9165,2708,7
3119,4931,2709,15
3120,7362,2710,2
3121,8696,2711,14
3122,6098,2712,1
3123,7261,2713,14
3124,2534,2714,11
3125,2835,2715,11
3126,2890,2715,11
3127,2800,2716,11
3128,6451,2717,1
3129,2375,2718,13
3130,6236,2719,1
3131,4243,2720,8
3132,7381,2721,2
3133,7973,2722,2
3134,9812,2723,17
3135,5675,2724,3
3136,8626,2725,14
3137,2089,2726,13
3138,3896,2727,4
3139,7054,2728,16
3140,7834,2729,2
3141,8668,2730,14
3142,3359,2731,9
3143,9111,2732,7
3144,4132,2733,8
3145,4342,2734,15
3146,2696,2735,12
3147,2652,2736,12
3148,3757,2737,4
3149,3334,2738,9
3150,8109,2739,18
3151,2635,2740,13
3152,7843,2741,2
3153,7834,2742,2
3154,8991,2743,19
3155,9100,2744,7
3156,4184,2745,8
3157,7181,2746,16
3158,3423,2747,4
3159,4353,2748,15
3160,8237,2749,18
3161,8731,2750,14
3162,8782,2751,19
3163,4466,2752,15
3164,2086,2753,13
3165,4833,2754,15
3166,6066,2755,1
3167,6067,2755,1
3168,3465,2756,4
3169,4951,2757,15
3170,4474,2758,15
3171,4624,2759,15
3172,5232,2760,10
3173,5235,2761,10
3174,4947,2762,15
3175,4066,2763,8
3176,3972,2764,4
3177,4455,2765,15
3178,5243,2766,10
3179,4456,2767,15
3180,3466,2768,4
3181,4446,2769,15
3182,4464,2769,15
3183,5461,2770,10
3184,5430,2770,10
3185,5359,2771,10
3186,5358,2771,10
3187,5244,2771,10
3188,5350,2771,10
3189,5233,2772,10
3190,4097,2773,8
3191,5361,2774,10
3192,5464,2775,10
3193,5094,2776,10
3194,4493,2777,15
3195,3971,2778,4
3196,6062,2779,1
3197,6060,2779,1
3198,4834,2780,15
3199,3458,2781,4
3200,4946,2782,15
3201,5472,2783,10
3202,5471,2783,10
3203,3929,2784,4
3204,4447,2785,15
3205,4450,2785,15
3206,3565,2786,4
3207,4645,2787,15
3208,4463,2788,15
3209,3385,2789,9
3210,5362,2790,10
3211,3587,2791,4
3212,5211,2792,10
3213,4503,2793,15
3214,5234,2794,10
3215,5474,2795,10
3216,5061,2796,10
3217,4831,2797,15
3218,5323,2798,10
3219,5322,2798,10
3220,4628,2799,15
3221,6756,2800,5
3222,3928,2801,4
3223,3589,2802,4
3224,4486,2803,15
3225,4487,2803,15
3226,5082,2804,10
3227,6064,2805,1
3228,3580,2806,4
3229,3464,2807,4
3230,5095,2808,10
3231,5092,2808,10
3232,4440,2809,15
3233,4832,2810,15
3234,4969,2811,15
3235,4921,2812,15
3236,2252,2813,13
3237,3354,2814,9
3238,8946,2815,19
3239,7348,2816,2
3240,2073,2817,4
3241,3910,2818,11
3242,2531,2819,11
3243,2532,2820,17
3244,2316,2821,4
3245,9561,2822,8
3246,3934,2823,12
3247,4117,2824,16
3248,2657,2825,16
3249,7131,2826,16
3250,7130,2826,10
3251,7083,2827,4
3252,9086,2828,1
3253,5324,2829,17
3254,3787,2830,6
3255,9738,2831,19
3256,6646,2832,2
3257,6422,2833,17
3258,9662,2834,4
3259,2463,2835,4
3260,8876,2836,4
3261,7383,2837,4
3262,9736,2838,4
3263,3765,2839,19
3264,3761,2840,4
3265,3767,2841,15
3266,3765,2842,17
3267,3769,2843,14
3268,8877,2844,10
3269,3877,2845,3
3270,4642,2846,2
3271,2045,2847,19
3272,7285,2848,19
3273,5212,2849,14
3274,5200,2849,18
3275,9791,2850,13
3276,2747,2851,13
3277,8660,2852,7
3278,5091,2853,17
3279,5940,2854,5
3280,7981,2855,13
3281,8865,2856,14
3282,8864,2857,10
3283,7755,2858,10
3284,7918,2859,13
3285,8246,2860,2
3286,3724,2861,4
3287,4731,2862,15
3288,2194,2863,13
3289,4944,2864,15
3290,8796,2865,10
3291,5420,2866,2
3292,7811,2867,15
3293,4968,2868,15
3294,8477,2869,19
3295,4623,2870,18
3296,4762,2871,15
3297,7718,2872,2
3298,7066,2873,16
3299,8564,2874,18
3300,2066,2875,6
3301,3716,2876,4
3302,4491,2877,15
3303,4244,2878,15
3304,2367,2879,13
3305,4146,2880,8
3306,7095,2881,16
3307,4635,2882,15
3308,9472,2883,7
3309,5661,2884,3
3310,2724,2885,13
3311,4288,2886,8
3312,3387,2887,9
3313,7766,2888,2
3314,9244,2889,7
3315,6320,2890,1
3316,5727,2891,3
3317,5052,2892,10
3318,6754,2893,5
3319,4065,2894,8
3320,2768,2895,13
3321,6337,2896,1
3322,4096,2897,8
3323,8778,2898,19
3324,7436,2899,14
3325,8347,2900,18
3326,6794,2901,7
3327,2225,2902,11
3328,9464,2903,4
3329,2528,2904,15
3330,3622,2905,17
3331,4763,2906,6
3332,9651,2907,13
3333,8142,2908,18
3334,2244,2909,15
3335,8409,2910,1
3336,2096,2911,18
3337,4952,2912,5
3338,6332,2913,13
3339,8321,2914,13
3340,2600,2915,13
3341,2167,2916,13
3342,2184,2917,13
3343,2164,2918,13
3344,2185,2919,13
3345,2163,2920,13
3346,2115,2921,13
3347,3636,2922,4
3348,9346,2923,7
3349,9327,2924,7
3350,3992,2925,4
3351,4562,2926,15
3352,3961,2927,4
3353,7838,2928,2
3354,7041,2929,6
3355,2473,2930,6
3356,2114,2931,13
3357,8885,2932,19
3358,4351,2933,15
3359,8316,2934,19
3360,4936,2935,15
3361,9665,2936,17
3362,3291,2937,9
3363,2635,2938,13
3364,4966,2939,15
3365,4287,2940,8
3366,9061,2941,4
3367,3941,2942,7
3368,4119,2943,8
3369,2688,2944,12
3370,8552,2945,18
3371,7973,2946,2
3372,7354,2947,16
3373,8723,2948,14
3374,3254,2949,9
3375,9243,2950,7
3376,3778,2951,4
3377,3756,2952,4
3378,7442,2953,14
3379,7146,2954,16
3380,8891,2955,19
3381,7370,2956,2
3382,2824,2957,11
3383,8523,2958,18
3384,7214,2959,16
3385,6033,2960,1
3386,8445,2961,18
3387,8103,2962,18
3388,8104,2962,18
3389,8100,2962,18
3390,7067,2963,16
3391,3178,2964,12
3392,8316,2965,19
3393,2211,2966,13
3394,9921,2967,17
3395,7926,2968,2
3396,7362,2969,2
3397,9343,2970,7
3398,9552,2971,17
3399,4803,2972,15
3400,4804,2972,15
3401,4800,2972,15
3402,9744,2973,17
3403,8914,2974,19
3404,9661,2975,17
3405,9674,2976,17
3406,9795,2977,17
3407,6521,2978,1
3408,4502,2979,15
3409,8998,2980,19
3410,9741,2981,17
3411,8245,2982,18
3412,9763,2983,17
3413,9953,2984,17
3414,9747,2985,17
3415,9800,2986,17
3416,8542,2987,18
3417,9748,2988,17
3418,3431,2989,4
3419,7370,2990,2
3420,3265,2991,9
3421,2220,2992,13
3422,5811,2993,3
3423,7838,2994,2
3424,7333,2995,2
3425,4143,2996,8
3426,9726,2997,17
3427,9946,2998,17
3428,2481,2999,6
3429,7951,3000,2
3430,7726,3001,2
3431,9062,3002,7
3432,9751,3003,17
3433,2477,3004,6
3434,2112,3005,13
3435,2621,3006,13
3436,3351,3007,9
3437,2174,3008,13
3438,7752,3009,2
3439,8089,3010,6
3440,8085,3011,6
3441,2859,3012,11
3442,2823,3013,11
3443,2833,3014,11
3444,2837,3015,11
3445,8721,3016,14
3446,9352,3017,7
3447,8412,3018,18
3448,8411,3018,18
3449,8200,3018,18
3450,8248,3019,18
3451,8475,3020,18
3452,8438,3021,18
3453,5530,3022,3
3454,5093,3023,10
3455,8484,3024,18
3456,8294,3025,18
3457,7773,3026,2
3458,7772,3027,2
3459,3891,3028,4
3460,8194,3029,18
3461,3991,3030,4
3462,9535,3031,18
3463,8354,3032,19
3464,8353,3033,19
3465,8355,3034,19
3466,2026,3035,13
3467,2025,3035,13
3468,7533,3036,14
3469,3272,3037,9
3470,3271,3037,9
3471,3956,3038,4
3472,8681,3039,14
3473,9932,3040,17
3474,3825,3041,4
3475,3293,3042,9
3476,9371,3043,7
3477,7588,3044,14
3478,3128,3045,12
3479,3888,3046,4
3480,7768,3047,2
3481,8314,3048,19
3482,8931,3049,19
3483,9462,3050,7
3484,9516,3051,17
3485,8291,3052,18
3486,8711,3053,14
3487,3124,3054,12
3488,7976,3055,2
3489,3726,3056,4
3490,5051,3057,10
3491,3031,3058,9
3492,4625,3059,15
3493,8868,3060,19
3494,4974,3061,15
3495,8853,3062,14
3496,6787,3063,5
3497,8660,3064,14
3498,8741,3065,19
3499,8971,3066,19
3500,8798,3067,19
3501,8992,3068,19
3502,8782,3069,19
3503,8996,3070,19
3504,8900,3071,19
3505,8344,3072,18
3506,8349,3073,18
3507,8308,3074,18
3508,8997,3075,19
3509,8761,3076,19
3510,8932,3077,19
3511,8749,3078,19
3512,8751,3079,19
3513,8752,3079,19
3514,8354,3080,19
3515,8999,3081,19
3516,8348,3082,18
3517,8747,3083,19
3518,8756,3084,19
3519,8743,3085,19
3520,8353,3086,19
3521,8476,3087,18
3522,8772,3088,19
3523,8795,3089,19
3524,8793,3089,19
3525,8785,3089,19
3526,8789,3089,19
3527,8790,3089,19
3528,8994,3090,19
3529,8921,3091,19
3530,8827,3092,19
3531,8788,3093,19
3532,8921,3094,19
3533,8764,3095,19
3534,8936,3096,19
3535,8969,3097,19
3536,7839,3098,2
3537,8947,3099,19
3538,8822,3100,19
3539,8392,3101,19
3540,8792,3102,19
3541,3957,3103,4
3542,8621,3104,14
3543,8081,3105,6
3544,8251,3106,18
3545,3296,3107,9
3546,7182,3108,16
3547,8957,3109,19
3548,2627,3110,13
3549,3977,3111,4
3550,7720,3112,2
3551,8112,3113,6
3552,8672,3114,14
3553,3794,3115,4
3554,7471,3116,14
3555,8420,3117,18
3556,7671,3118,2
3557,7173,3119,16
3558,5537,3120,3
3559,4142,3121,8
3560,2072,3122,13
3561,2116,3123,13
3562,6411,3124,1
3563,4961,3125,15
3564,9346,3126,7
3565,9635,3127,17
3566,7477,3128,14
3567,7400,3129,14
3568,7474,3130,14
3569,9766,3131,17
3570,9476,3132,7
3571,6792,3133,5
3572,3897,3134,4
3573,4627,3135,15
3574,3723,3136,4
